id,first_name,last_name,email,gender,ip_address
1,Shena,Anthonies,santhonies0@unblog.fr,Female,140.172.40.54
2,Johann,Plaistowe,jplaistowe1@state.gov,Male,162.245.35.139
3,Edward,Simko,esimko2@shop-pro.jp,Male,226.142.65.103
4,Robbin,Baxstare,rbaxstare3@washingtonpost.com,Female,228.156.104.245
5,Othello,Iskow,oiskow4@alibaba.com,Male,33.169.230.234
6,Guss,Rue,grue5@sina.com.cn,Male,59.116.170.3
7,Dulce,Barenskie,dbarenskie6@ovh.net,Female,112.78.83.46
8,Skelly,Mason,smason7@deliciousdays.com,Male,251.41.177.211
9,Lazar,Eldered,leldered8@shop-pro.jp,Male,77.221.21.202
10,Chantalle,Philpin,cphilpin9@washington.edu,Female,7.255.27.186
11,Randa,Klosterman,rklostermana@clickbank.net,Female,2.191.195.84
12,Poul,Mullaney,pmullaneyb@merriam-webster.com,Male,45.135.117.247
13,Jillayne,Dowding,jdowdingc@about.com,Female,91.79.179.181
14,Darci,Sigward,dsigwardd@marriott.com,Female,29.63.0.77
15,Nickolai,Grigoroni,ngrigoronie@flickr.com,Male,80.0.189.254
16,Tera,Cereceres,tcereceresf@admin.ch,Female,41.121.2.129
17,Doroteya,Rae,draeg@exblog.jp,Female,92.111.20.39
18,Frederico,Berndtsson,fberndtssonh@cmu.edu,Male,112.232.78.42
19,Mandie,Dobinson,mdobinsoni@webnode.com,Female,81.42.237.20
20,Lyn,Olenichev,lolenichevj@nps.gov,Female,112.74.137.114
21,Adan,Brimmell,abrimmellk@adobe.com,Male,84.127.115.12
22,Vina,Iddens,viddensl@salon.com,Female,49.184.170.47
23,Charlton,Thorburn,cthorburnm@gnu.org,Male,85.178.29.191
24,Rossie,Claypoole,rclaypoolen@linkedin.com,Male,143.97.198.155
25,Dorris,Josefson,djosefsono@deliciousdays.com,Female,136.197.38.186
26,Thurston,Grisedale,tgrisedalep@list-manage.com,Male,201.100.102.195
27,Ardelle,Wedlake,awedlakeq@sakura.ne.jp,Female,146.118.88.91
28,Cart,Froom,cfroomr@stanford.edu,Male,220.154.220.240
29,Kandace,Addionisio,kaddionisios@cpanel.net,Genderfluid,232.92.57.210
30,Peggie,Burnham,pburnhamt@skype.com,Female,8.80.228.149
31,Darline,Dunbar,ddunbaru@sun.com,Female,112.47.128.135
32,Rob,Grills,rgrillsv@mediafire.com,Male,116.146.97.126
33,Moselle,Birkbeck,mbirkbeckw@cdc.gov,Female,33.179.164.9
34,Ian,Swannick,iswannickx@cdc.gov,Male,150.210.65.52
35,Marc,Cockrill,mcockrilly@elegantthemes.com,Male,84.116.13.206
36,Judd,Trasler,jtraslerz@abc.net.au,Male,253.148.203.126
37,Maximilian,Holdall,mholdall10@china.com.cn,Male,206.5.105.98
38,Thedrick,Dugmore,tdugmore11@cnn.com,Male,172.232.84.225
39,Korey,Punshon,kpunshon12@dropbox.com,Male,151.106.64.64
40,Giselbert,Khoter,gkhoter13@accuweather.com,Male,151.100.146.246
41,Candida,Biggen,cbiggen14@furl.net,Genderqueer,213.69.243.90
42,Cyrus,Dorie,cdorie15@tripod.com,Male,100.110.63.234
43,Cindy,Fitzer,cfitzer16@unblog.fr,Female,101.137.61.238
44,Ermentrude,Molson,emolson17@ucsd.edu,Female,96.206.11.101
45,Umberto,Watford,uwatford18@ifeng.com,Male,217.104.3.12
46,Abbie,Ruste,aruste19@hexun.com,Male,254.70.197.77
47,Leslie,Bullas,lbullas1a@nyu.edu,Male,98.248.175.153
48,Werner,McClory,wmcclory1b@comcast.net,Male,90.49.77.45
49,Renee,Cazalet,rcazalet1c@reuters.com,Female,66.183.231.97
50,Duffy,Boyn,dboyn1d@toplist.cz,Male,53.134.123.0
51,Brunhilde,Gouldstone,bgouldstone1e@microsoft.com,Female,202.71.219.240
52,Randy,Bridgen,rbridgen1f@linkedin.com,Male,62.150.178.214
53,Roselle,Vallance,rvallance1g@pcworld.com,Female,110.172.32.97
54,Rosmunda,Tolchar,rtolchar1h@tinyurl.com,Female,159.51.4.107
55,Berti,Physic,bphysic1i@instagram.com,Female,115.19.17.17
56,Evangelina,Rupel,erupel1j@blogtalkradio.com,Female,220.31.237.84
57,Vanya,Landsberg,vlandsberg1k@cnn.com,Female,123.242.233.243
58,Allie,Karpfen,akarpfen1l@rambler.ru,Male,78.188.27.193
59,Norris,Fotherby,nfotherby1m@ed.gov,Male,98.128.196.191
60,Orren,Dawltrey,odawltrey1n@wikia.com,Male,170.119.21.139
61,Danyelle,Sweeten,dsweeten1o@go.com,Female,250.15.146.22
62,Cacilie,Goch,cgoch1p@yale.edu,Female,229.36.34.10
63,Arden,Czaja,aczaja1q@unc.edu,Female,251.122.55.0
64,Ofella,Phipard-Shears,ophipardshears1r@wunderground.com,Female,24.88.218.66
65,Berti,Danford,bdanford1s@webeden.co.uk,Male,174.202.174.218
66,Marcelle,Dabney,mdabney1t@yellowbook.com,Female,32.216.189.1
67,Lawry,Beavers,lbeavers1u@example.com,Male,131.69.91.17
68,Kaitlin,Cokayne,kcokayne1v@yolasite.com,Female,48.128.100.81
69,Cordelia,Francesconi,cfrancesconi1w@homestead.com,Female,128.117.192.119
70,Blair,Hurle,bhurle1x@youtu.be,Female,234.11.30.181
71,Cristy,Deaville,cdeaville1y@archive.org,Female,196.116.129.49
72,Alastair,Tadlow,atadlow1z@upenn.edu,Male,146.132.171.61
73,Nickola,Wardley,nwardley20@mlb.com,Male,215.221.132.150
74,Bondon,Balch,bbalch21@house.gov,Male,142.165.237.107
75,Sibbie,Baynam,sbaynam22@wikipedia.org,Female,161.22.2.215
76,Ralph,Ulyat,rulyat23@edublogs.org,Male,52.35.14.210
77,Tedman,Burkert,tburkert24@so-net.ne.jp,Male,153.70.228.48
78,Perl,Manach,pmanach25@woothemes.com,Female,62.169.48.199
79,Meredithe,Atton,matton26@sogou.com,Female,78.99.176.151
80,Angelica,Dimitrescu,adimitrescu27@cnet.com,Agender,42.133.43.111
81,Martin,Rivitt,mrivitt28@walmart.com,Male,57.17.120.187
82,Gwendolyn,Probat,gprobat29@netvibes.com,Female,177.105.166.196
83,Frederik,Stallard,fstallard2a@ucoz.com,Polygender,46.118.80.50
84,Skipton,Kinnaird,skinnaird2b@vk.com,Non-binary,60.20.63.64
85,Barry,Cicerone,bcicerone2c@google.de,Male,21.75.247.3
86,Vera,Brownsill,vbrownsill2d@gmpg.org,Female,176.37.88.90
87,Berky,Keeffe,bkeeffe2e@networksolutions.com,Male,66.113.22.175
88,Cole,Mallinar,cmallinar2f@xrea.com,Genderqueer,229.222.153.218
89,Marcelline,Peart,mpeart2g@sourceforge.net,Female,54.191.243.172
90,Ileane,Hansmann,ihansmann2h@printfriendly.com,Female,244.57.179.213
91,Klaus,Varren,kvarren2i@nature.com,Male,254.35.78.181
92,Kerby,Amys,kamys2j@diigo.com,Male,204.125.242.125
93,Eugenio,Patek,epatek2k@51.la,Male,64.81.194.41
94,Eal,Lapthorne,elapthorne2l@sfgate.com,Male,218.131.169.54
95,Sybil,Maydway,smaydway2m@fastcompany.com,Female,127.58.19.78
96,Moria,Solomonides,msolomonides2n@people.com.cn,Female,84.63.15.216
97,Giustino,Struther,gstruther2o@dion.ne.jp,Male,126.187.170.12
98,Shirlee,Greenhalf,sgreenhalf2p@apple.com,Female,66.9.8.183
99,Shay,Hindshaw,shindshaw2q@princeton.edu,Male,219.239.31.244
100,Jo-anne,Stickins,jstickins2r@ifeng.com,Female,18.249.113.51
101,Anthe,Ahern,aahern2s@answers.com,Female,53.8.25.241
102,Lurleen,Donahue,ldonahue2t@live.com,Female,239.95.184.211
103,Marcy,State,mstate2u@webs.com,Polygender,231.253.122.177
104,Cami,Budnk,cbudnk2v@gravatar.com,Female,203.197.132.248
105,Brigida,Kleinhausen,bkleinhausen2w@mlb.com,Female,174.112.148.92
106,Napoleon,De Zamudio,ndezamudio2x@macromedia.com,Male,169.201.222.51
107,Eba,Sweedland,esweedland2y@free.fr,Female,73.223.45.197
108,Giulio,Wraxall,gwraxall2z@china.com.cn,Male,63.151.86.113
109,Gris,Videan,gvidean30@ehow.com,Male,208.142.100.162
110,Arabelle,Plank,aplank31@squarespace.com,Female,85.111.114.180
111,Margaretta,Ugo,mugo32@pinterest.com,Female,111.90.145.74
112,Brunhilde,Simoens,bsimoens33@linkedin.com,Female,186.0.220.186
113,Seumas,Bruinemann,sbruinemann34@squidoo.com,Male,78.105.69.153
114,Alyss,Fasey,afasey35@wordpress.org,Female,142.255.227.169
115,Lynelle,Badcock,lbadcock36@dagondesign.com,Female,115.132.27.153
116,Rem,Kattenhorn,rkattenhorn37@ow.ly,Agender,74.147.176.30
117,Mandi,Tettley,mtettley38@parallels.com,Female,105.174.227.141
118,Danette,Stukings,dstukings39@typepad.com,Female,152.175.229.49
119,Addy,Valentine,avalentine3a@google.com.br,Male,238.66.2.74
120,Vannie,Bilovus,vbilovus3b@yelp.com,Polygender,157.90.149.17
121,Sylvester,Leamon,sleamon3c@illinois.edu,Male,179.254.167.198
122,Octavius,Safont,osafont3d@google.co.jp,Male,143.119.219.177
123,Jeana,Lathe,jlathe3e@meetup.com,Female,142.254.3.7
124,Haze,Pepin,hpepin3f@usgs.gov,Male,212.244.209.168
125,Nicole,McArdell,nmcardell3g@4shared.com,Female,150.5.148.85
126,Kathi,Wolfe,kwolfe3h@tripod.com,Female,191.94.129.199
127,Melisandra,Noonan,mnoonan3i@taobao.com,Female,114.242.37.10
128,Durante,Allkins,dallkins3j@netlog.com,Male,143.220.88.84
129,Baxter,Huyton,bhuyton3k@bizjournals.com,Male,72.101.137.0
130,Donni,Bearn,dbearn3l@yale.edu,Female,32.66.110.152
131,Obidiah,Ghilardini,oghilardini3m@angelfire.com,Male,66.117.135.21
132,Elie,D'Ambrogi,edambrogi3n@bloomberg.com,Female,98.115.27.77
133,Edin,Denman,edenman3o@imdb.com,Genderfluid,85.196.84.71
134,Catherin,Stainson,cstainson3p@mashable.com,Female,12.203.12.190
135,Kelby,Cray,kcray3q@dot.gov,Male,184.54.184.120
136,Ole,Wensley,owensley3r@buzzfeed.com,Male,194.65.72.50
137,Hermie,Hawthorne,hhawthorne3s@mail.ru,Male,82.231.138.252
138,Cristina,Byles,cbyles3t@state.gov,Female,91.131.221.114
139,Correna,Rosenschein,crosenschein3u@biblegateway.com,Female,182.17.114.7
140,Giacobo,Szymoni,gszymoni3v@issuu.com,Male,196.102.207.129
141,Maiga,Cottingham,mcottingham3w@yale.edu,Female,125.168.144.16
142,Freddy,Ramel,framel3x@skype.com,Male,185.135.56.68
143,Panchito,Bonnet,pbonnet3y@typepad.com,Male,1.6.19.131
144,Aryn,Whatley,awhatley3z@globo.com,Female,82.19.184.80
145,Lanny,Nattriss,lnattriss40@comcast.net,Female,34.242.132.35
146,Norrie,Halahan,nhalahan41@php.net,Male,190.160.95.126
147,Gerrard,Molan,gmolan42@amazon.com,Male,47.117.126.160
148,Melodie,Webburn,mwebburn43@xinhuanet.com,Female,248.155.118.245
149,Massimiliano,O'Sculley,mosculley44@weebly.com,Male,95.34.119.248
150,Traver,Ailmer,tailmer45@dmoz.org,Genderfluid,153.193.79.230
151,Stephani,Wishart,swishart46@disqus.com,Female,232.160.225.234
152,Hunter,Loton,hloton47@si.edu,Male,18.185.165.225
153,Elise,Gatiss,egatiss48@miitbeian.gov.cn,Female,254.135.234.234
154,Jenny,Swetmore,jswetmore49@wisc.edu,Female,160.184.37.195
155,Tommi,Rewan,trewan4a@hc360.com,Female,228.211.116.147
156,Natalie,Dietzler,ndietzler4b@fotki.com,Female,35.136.6.2
157,Leonhard,Dulake,ldulake4c@geocities.com,Male,125.226.241.47
158,Gabriell,Rentilll,grentilll4d@bigcartel.com,Female,82.18.80.78
159,Harlan,Lightning,hlightning4e@netvibes.com,Genderfluid,163.22.60.126
160,Callie,Lambdin,clambdin4f@techcrunch.com,Female,117.52.130.205
161,Rowena,Warren,rwarren4g@berkeley.edu,Female,117.201.231.194
162,Trumann,Turford,tturford4h@fc2.com,Male,141.10.69.218
163,Warde,McGookin,wmcgookin4i@discuz.net,Male,147.211.219.190
164,Tanya,Larking,tlarking4j@samsung.com,Female,132.17.175.43
165,Nettle,Dellar,ndellar4k@bravesites.com,Female,187.120.24.123
166,Jess,Edmeads,jedmeads4l@washingtonpost.com,Female,216.205.231.36
167,Delilah,Pittway,dpittway4m@behance.net,Female,144.255.220.162
168,Clo,McNicol,cmcnicol4n@ibm.com,Female,154.218.115.217
169,Rourke,Venus,rvenus4o@yellowpages.com,Male,6.58.92.66
170,Alvie,Gerkens,agerkens4p@google.ca,Polygender,1.243.150.98
171,Carena,Burchill,cburchill4q@angelfire.com,Female,10.66.198.139
172,Silvana,Meeus,smeeus4r@forbes.com,Female,146.27.188.191
173,Micaela,Charnock,mcharnock4s@ovh.net,Female,36.199.91.39
174,Sax,Nobbs,snobbs4t@scientificamerican.com,Male,144.144.198.40
175,Goddart,Jearum,gjearum4u@shutterfly.com,Male,187.155.47.104
176,Edin,Chazotte,echazotte4v@artisteer.com,Female,70.179.101.141
177,Tanitansy,Sparshutt,tsparshutt4w@ft.com,Female,209.208.27.87
178,Kylila,Brendish,kbrendish4x@tinyurl.com,Female,247.96.122.69
179,Teddy,Skace,tskace4y@sina.com.cn,Male,244.83.110.155
180,Vania,Phillipson,vphillipson4z@stanford.edu,Female,27.35.55.89
181,Perry,Jervis,pjervis50@harvard.edu,Male,234.130.163.116
182,Perice,Shillingford,pshillingford51@pagesperso-orange.fr,Male,28.106.189.150
183,Krysta,Pull,kpull52@google.nl,Female,65.212.119.152
184,Wyndham,Maddy,wmaddy53@multiply.com,Male,82.184.184.45
185,Emalee,Chaffey,echaffey54@livejournal.com,Female,62.220.62.69
186,Joscelin,Northcliffe,jnorthcliffe55@pcworld.com,Female,27.69.120.102
187,Yanaton,Avramovsky,yavramovsky56@netscape.com,Male,66.254.43.49
188,Jaimie,McKellen,jmckellen57@ucoz.ru,Female,76.35.245.226
189,Thomas,Lyddiard,tlyddiard58@linkedin.com,Male,120.103.120.218
190,Lauryn,Epperson,lepperson59@123-reg.co.uk,Female,70.101.7.67
191,Britteny,Mulvy,bmulvy5a@yahoo.co.jp,Female,144.108.56.125
192,Flory,Gorse,fgorse5b@woothemes.com,Female,77.178.156.230
193,Channa,Maylour,cmaylour5c@ox.ac.uk,Female,2.1.37.136
194,Rodolfo,Dmtrovic,rdmtrovic5d@netlog.com,Male,158.236.178.92
195,Lucina,di Rocca,ldirocca5e@fastcompany.com,Female,118.115.176.31
196,Sandy,Mc Gorley,smcgorley5f@ezinearticles.com,Male,97.184.236.138
197,Isobel,Massot,imassot5g@pagesperso-orange.fr,Female,43.100.167.248
198,Dom,Eyden,deyden5h@engadget.com,Male,146.61.186.158
199,Inessa,Leece,ileece5i@google.fr,Female,188.211.155.125
200,Conrado,Kiraly,ckiraly5j@wikipedia.org,Male,254.69.155.142
201,Slade,Peckitt,speckitt5k@edublogs.org,Non-binary,77.189.44.99
202,Tristan,Vivash,tvivash5l@google.nl,Male,21.176.172.32
203,Ruddie,Solley,rsolley5m@addthis.com,Male,145.193.215.155
204,Wald,Abelovitz,wabelovitz5n@mysql.com,Male,163.2.147.99
205,Jeremie,Uden,juden5o@wisc.edu,Male,0.37.161.38
206,Gino,Bingley,gbingley5p@nyu.edu,Male,40.140.243.65
207,Noreen,Jochanany,njochanany5q@privacy.gov.au,Female,99.25.169.158
208,Brigid,Stronge,bstronge5r@weather.com,Female,199.246.212.128
209,Claudelle,Greggersen,cgreggersen5s@eventbrite.com,Female,164.157.170.151
210,Bowie,Benes,bbenes5t@altervista.org,Male,59.56.243.111
211,Benoit,Parks,bparks5u@disqus.com,Male,33.163.68.216
212,Ly,Legat,llegat5v@icio.us,Male,245.72.147.177
213,Lester,Luddy,lluddy5w@cpanel.net,Male,229.21.187.81
214,Raphaela,Clendinning,rclendinning5x@imgur.com,Female,38.63.209.59
215,Jeri,Hovey,jhovey5y@godaddy.com,Female,221.234.236.176
216,Graehme,Tosh,gtosh5z@wikipedia.org,Male,53.223.205.48
217,Brady,L' Anglois,blanglois60@fastcompany.com,Male,203.188.31.153
218,Dionysus,Huddy,dhuddy61@sbwire.com,Genderqueer,69.248.154.184
219,Gerri,Pavic,gpavic62@answers.com,Female,207.216.212.239
220,Petr,Finlan,pfinlan63@google.nl,Male,139.254.33.145
221,Leandra,Buller,lbuller64@dion.ne.jp,Female,5.10.89.2
222,Theodor,Pankhurst.,tpankhurst65@pcworld.com,Male,162.152.181.130
223,Melisent,Gurge,mgurge66@hp.com,Female,37.27.125.222
224,Bartolomeo,Spurden,bspurden67@amazon.de,Male,30.185.10.29
225,Serena,Tournay,stournay68@behance.net,Bigender,86.229.226.98
226,Amory,Ferie,aferie69@vinaora.com,Male,246.240.185.19
227,Roderich,Angier,rangier6a@amazon.co.jp,Male,175.97.219.242
228,Ross,Moan,rmoan6b@cmu.edu,Male,152.115.97.153
229,Elizabet,Leeuwerink,eleeuwerink6c@tinypic.com,Female,208.233.117.47
230,Maitilde,Crawforth,mcrawforth6d@yahoo.co.jp,Female,26.173.9.224
231,Sella,Barbosa,sbarbosa6e@issuu.com,Female,83.93.196.38
232,Faustine,Soppitt,fsoppitt6f@merriam-webster.com,Female,60.86.81.108
233,Yorgo,Whawell,ywhawell6g@rambler.ru,Male,51.66.201.43
234,Anneliese,Cawthorn,acawthorn6h@mozilla.com,Female,195.243.94.88
235,Porty,Ruddick,pruddick6i@xinhuanet.com,Male,150.66.48.233
236,Kelvin,Cancellor,kcancellor6j@eventbrite.com,Male,16.210.136.190
237,Wallace,Burkett,wburkett6k@123-reg.co.uk,Male,88.47.232.70
238,Salomone,Norwich,snorwich6l@comcast.net,Male,141.219.212.91
239,Quinton,Conradie,qconradie6m@fotki.com,Agender,74.22.9.248
240,Burt,Ellerman,bellerman6n@answers.com,Male,7.245.189.75
241,Albertine,Rodgier,arodgier6o@typepad.com,Female,63.114.56.147
242,Jefferey,Gozard,jgozard6p@diigo.com,Male,164.98.67.42
243,Evelyn,Elcome,eelcome6q@surveymonkey.com,Male,73.176.42.38
244,Martynne,Fossord,mfossord6r@networksolutions.com,Female,88.55.35.79
245,Nanni,Patey,npatey6s@t.co,Female,132.89.112.118
246,Filbert,Dyos,fdyos6t@cbslocal.com,Genderfluid,4.151.222.254
247,Gabbie,Chesser,gchesser6u@mapquest.com,Male,46.237.220.62
248,Kiri,Beet,kbeet6v@eepurl.com,Female,164.4.161.93
249,Bernadene,Hallgarth,bhallgarth6w@si.edu,Female,61.99.140.201
250,Sutherlan,Croce,scroce6x@cloudflare.com,Male,149.181.243.139
251,Diana,Galey,dgaley6y@umich.edu,Female,217.214.143.115
252,Avictor,Delyth,adelyth6z@illinois.edu,Male,174.24.36.69
253,Vernor,Manville,vmanville70@nyu.edu,Male,169.47.133.38
254,Gene,De Wolfe,gdewolfe71@tmall.com,Male,161.8.96.94
255,Mic,Iacomo,miacomo72@ezinearticles.com,Male,9.44.74.158
256,Eugenie,Belverstone,ebelverstone73@cbsnews.com,Genderqueer,91.59.239.217
257,Pansie,Fosher,pfosher74@360.cn,Female,220.81.155.7
258,Doloritas,Cottell,dcottell75@cargocollective.com,Female,6.38.217.155
259,Fields,Tappor,ftappor76@ask.com,Male,122.243.130.20
260,Sacha,Boud,sboud77@stumbleupon.com,Female,18.239.160.102
261,Shirleen,Bartelet,sbartelet78@ask.com,Female,148.187.41.97
262,Don,Marcombe,dmarcombe79@umn.edu,Male,38.1.24.16
263,Anthony,Bhar,abhar7a@jigsy.com,Male,254.235.217.42
264,Norman,Dade,ndade7b@istockphoto.com,Male,206.137.216.147
265,Karie,Epple,kepple7c@nyu.edu,Female,186.78.173.215
266,Sebastiano,Pikett,spikett7d@youtube.com,Male,222.252.72.209
267,Salome,Petley,spetley7e@cnn.com,Female,18.253.115.159
268,Ailsun,Paoloni,apaoloni7f@cafepress.com,Non-binary,41.123.23.70
269,Georg,Cackett,gcackett7g@sohu.com,Male,148.176.53.35
270,Zonnya,Merrien,zmerrien7h@histats.com,Female,229.98.63.64
271,Scotti,Tremolieres,stremolieres7i@domainmarket.com,Male,34.236.126.73
272,Camala,Umbert,cumbert7j@yandex.ru,Female,87.117.111.244
273,Dallas,Le Ball,dleball7k@dmoz.org,Male,148.240.246.225
274,Lanie,Draaisma,ldraaisma7l@mac.com,Male,81.253.119.253
275,Jaimie,Peart,jpeart7m@ow.ly,Genderfluid,32.219.150.116
276,Cheston,Attyeo,cattyeo7n@so-net.ne.jp,Male,214.52.140.47
277,Stanford,Closs,scloss7o@desdev.cn,Male,137.200.80.14
278,Morty,Ramsey,mramsey7p@bloomberg.com,Male,194.136.136.31
279,Gustave,Spenclay,gspenclay7q@spiegel.de,Male,96.127.133.221
280,Leigh,St Leger,lstleger7r@icq.com,Female,187.207.46.153
281,Horacio,Broomhall,hbroomhall7s@illinois.edu,Male,180.61.155.74
282,Vinny,Bointon,vbointon7t@google.ru,Male,60.167.237.206
283,Adan,Brabban,abrabban7u@ucoz.com,Male,2.209.207.99
284,Ermin,Lessmare,elessmare7v@pbs.org,Male,174.180.54.217
285,Orazio,Mayling,omayling7w@washington.edu,Male,21.139.111.245
286,Odo,Beynon,obeynon7x@istockphoto.com,Bigender,200.93.154.136
287,Joella,Hugonin,jhugonin7y@amazon.co.uk,Female,211.218.111.204
288,Xerxes,Fontaine,xfontaine7z@msu.edu,Male,43.172.162.245
289,Galven,Sexon,gsexon80@trellian.com,Male,117.163.94.36
290,Kimberlyn,Cripps,kcripps81@wunderground.com,Female,40.60.68.156
291,Heloise,McMenamie,hmcmenamie82@washington.edu,Female,106.15.234.53
292,Di,Eggleson,deggleson83@about.me,Female,92.138.213.222
293,Bree,Mallen,bmallen84@adobe.com,Female,135.143.103.156
294,Lennard,Kofax,lkofax85@house.gov,Male,173.158.226.123
295,Lay,Bairnsfather,lbairnsfather86@tumblr.com,Male,124.111.156.38
296,Harcourt,Nowill,hnowill87@addthis.com,Male,17.253.62.54
297,Morgun,Purver,mpurver88@creativecommons.org,Male,30.157.171.250
298,Demetre,Roundtree,droundtree89@berkeley.edu,Agender,156.109.9.170
299,Loydie,Liggett,lliggett8a@1688.com,Male,26.75.25.230
300,Raine,Verity,rverity8b@gizmodo.com,Female,55.90.68.236
301,Alejandra,Mees,amees8c@java.com,Female,254.197.68.183
302,Rustie,Sturman,rsturman8d@timesonline.co.uk,Male,136.65.55.110
303,Kendre,Veldstra,kveldstra8e@a8.net,Female,110.75.116.210
304,Orelia,Hugli,ohugli8f@ted.com,Female,122.63.190.20
305,Wilhelm,Doogue,wdoogue8g@pinterest.com,Male,139.30.254.153
306,Collie,Rolfini,crolfini8h@redcross.org,Female,40.216.204.205
307,Eduardo,Brasier,ebrasier8i@google.it,Male,29.74.165.77
308,Hildy,Gelder,hgelder8j@irs.gov,Female,45.148.140.193
309,Benn,Dakin,bdakin8k@addtoany.com,Genderqueer,213.165.39.63
310,Helenka,Barbrick,hbarbrick8l@webmd.com,Female,213.116.253.15
311,Selby,Barnardo,sbarnardo8m@arstechnica.com,Genderqueer,15.73.64.154
312,Demetris,Pothecary,dpothecary8n@bloomberg.com,Male,88.107.123.73
313,Munroe,Tampion,mtampion8o@unblog.fr,Male,215.25.161.33
314,Wendel,Tuting,wtuting8p@adobe.com,Male,208.98.167.129
315,Sherye,Cazereau,scazereau8q@angelfire.com,Female,58.176.219.128
316,Joellen,Shingles,jshingles8r@vimeo.com,Female,235.70.114.43
317,Saw,Ferrelli,sferrelli8s@sun.com,Male,66.184.2.147
318,Prue,Spurrior,pspurrior8t@sitemeter.com,Female,11.178.245.197
319,Cullie,Busen,cbusen8u@people.com.cn,Male,213.247.34.253
320,Gracie,Willshere,gwillshere8v@linkedin.com,Female,97.199.141.118
321,Devon,Tredger,dtredger8w@parallels.com,Female,53.70.78.59
322,Dulciana,Rigden,drigden8x@nsw.gov.au,Female,177.110.36.12
323,Joseito,Beseke,jbeseke8y@google.ca,Male,100.65.248.47
324,Cathyleen,Toffaloni,ctoffaloni8z@fda.gov,Female,121.29.177.245
325,Cilka,Tendahl,ctendahl90@naver.com,Female,203.10.61.55
326,Tasia,Selburn,tselburn91@xing.com,Female,97.107.130.248
327,Royal,Epgrave,repgrave92@wikimedia.org,Male,99.5.197.136
328,Say,Budd,sbudd93@blogger.com,Male,110.248.209.181
329,Pia,Manktelow,pmanktelow94@cdc.gov,Female,96.207.225.55
330,Ulrika,Rollinson,urollinson95@cnet.com,Female,119.36.237.15
331,Jerrold,Rama,jrama96@cdbaby.com,Male,47.93.183.213
332,Gavrielle,Bullerwell,gbullerwell97@reddit.com,Female,181.75.235.154
333,Renell,Bembrick,rbembrick98@berkeley.edu,Female,69.90.135.58
334,Neall,Stair,nstair99@cam.ac.uk,Male,28.217.248.213
335,Kareem,Nystrom,knystrom9a@list-manage.com,Male,36.23.88.113
336,Darb,Yesinov,dyesinov9b@hatena.ne.jp,Male,69.206.246.98
337,Berta,Poat,bpoat9c@cnet.com,Female,137.188.174.240
338,Graig,Pavkovic,gpavkovic9d@devhub.com,Male,40.196.219.115
339,Eb,Izhak,eizhak9e@freewebs.com,Male,239.9.51.174
340,Lisbeth,Mander,lmander9f@toplist.cz,Female,28.162.219.228
341,Ricki,Firebrace,rfirebrace9g@youku.com,Female,62.61.206.183
342,Gerhardt,Clarage,gclarage9h@google.it,Male,180.132.107.241
343,Farrel,Maryska,fmaryska9i@instagram.com,Male,246.82.141.216
344,Marsh,Blenkinsop,mblenkinsop9j@posterous.com,Male,169.228.203.178
345,Ida,Smales,ismales9k@yellowbook.com,Female,151.199.1.222
346,Susi,Branni,sbranni9l@printfriendly.com,Female,125.81.154.157
347,Madison,Breacher,mbreacher9m@google.com,Male,16.219.178.194
348,Sully,Mougenel,smougenel9n@amazon.de,Male,87.232.95.192
349,Leroi,Eccleston,leccleston9o@blogs.com,Male,23.38.69.64
350,Aluino,Bagenal,abagenal9p@huffingtonpost.com,Male,62.105.148.130
351,Joellyn,Digman,jdigman9q@elpais.com,Female,238.78.243.25
352,Eugen,Strowger,estrowger9r@cyberchimps.com,Polygender,87.201.101.171
353,Kimbell,Matelaitis,kmatelaitis9s@w3.org,Male,139.80.222.90
354,Ina,Petricek,ipetricek9t@dion.ne.jp,Female,109.80.118.71
355,Caryl,Stares,cstares9u@tmall.com,Male,20.73.156.27
356,Starlene,Morillas,smorillas9v@typepad.com,Genderfluid,214.34.93.62
357,Jazmin,Gittis,jgittis9w@ameblo.jp,Female,81.62.92.224
358,Duff,Sopp,dsopp9x@nbcnews.com,Male,39.4.63.75
359,Cad,Brendish,cbrendish9y@uol.com.br,Male,115.77.44.197
360,Frederica,Augie,faugie9z@youtu.be,Female,250.206.105.21
361,Benny,Stirman,bstirmana0@newsvine.com,Female,222.0.191.11
362,Keene,Manwell,kmanwella1@nytimes.com,Male,166.226.12.24
363,Bekki,MacAleese,bmacaleesea2@army.mil,Female,9.33.126.14
364,Selle,Punshon,spunshona3@mediafire.com,Female,193.193.110.216
365,Daven,Pindell,dpindella4@booking.com,Male,40.4.99.87
366,Giff,Sousa,gsousaa5@wordpress.org,Male,189.3.64.148
367,Berkie,Hatherley,bhatherleya6@eventbrite.com,Polygender,248.64.32.171
368,Jessamyn,McClinton,jmcclintona7@soundcloud.com,Bigender,233.109.123.45
369,Massimo,Pallesen,mpallesena8@ask.com,Male,93.153.158.108
370,Dominica,Rosenstengel,drosenstengela9@aol.com,Female,130.21.152.253
371,Tamar,Eloi,teloiaa@wordpress.com,Female,151.228.64.241
372,Ulrica,Baldini,ubaldiniab@clickbank.net,Female,137.145.226.245
373,Agata,Vedeneev,avedeneevac@t.co,Female,160.66.145.29
374,Catrina,Vannar,cvannarad@about.com,Female,218.122.93.53
375,Haley,Highman,hhighmanae@npr.org,Female,9.107.160.53
376,Colas,Dauney,cdauneyaf@marriott.com,Male,2.23.187.254
377,Octavia,Sayes,osayesag@spotify.com,Female,185.203.40.236
378,Adele,Keneforde,akenefordeah@github.io,Female,124.243.181.136
379,Deny,Kenforth,dkenforthai@jugem.jp,Female,150.78.119.197
380,Ava,Manjot,amanjotaj@scientificamerican.com,Female,111.6.150.94
381,Berna,Wallicker,bwallickerak@hp.com,Female,171.56.219.99
382,Cart,Roxbrough,croxbroughal@themeforest.net,Male,236.201.247.97
383,Hendrik,Wey,hweyam@ca.gov,Male,176.159.107.149
384,Clerissa,Sollime,csollimean@paginegialle.it,Female,65.183.169.163
385,Dita,Cuppleditch,dcuppleditchao@mtv.com,Female,106.91.239.56
386,Adaline,Hargreave,ahargreaveap@npr.org,Female,178.71.209.140
387,Humfrid,Grange,hgrangeaq@nifty.com,Male,130.35.151.51
388,Brew,Pfleger,bpflegerar@quantcast.com,Male,167.70.26.210
389,Temple,Tiffney,ttiffneyas@loc.gov,Male,201.136.176.213
390,Fanchon,Blackey,fblackeyat@usa.gov,Female,113.196.15.10
391,Geneva,Josskoviz,gjosskovizau@wufoo.com,Female,138.198.126.156
392,Melony,Geare,mgeareav@bloglines.com,Female,205.138.110.27
393,Vevay,Itzkovici,vitzkoviciaw@ovh.net,Female,96.4.52.102
394,Emelyne,Nials,enialsax@dyndns.org,Female,105.8.69.253
395,Fairfax,Oswald,foswalday@sciencedirect.com,Male,36.222.43.190
396,Augustine,Frill,afrillaz@soundcloud.com,Female,198.237.54.208
397,Leila,Menlove,lmenloveb0@shinystat.com,Female,89.47.153.154
398,Jamima,O'Dyvoie,jodyvoieb1@ox.ac.uk,Female,92.187.47.251
399,Catriona,Shacklady,cshackladyb2@people.com.cn,Female,133.10.137.109
400,Tressa,Banasiak,tbanasiakb3@discovery.com,Female,215.227.139.33
401,Kennett,Dewitt,kdewittb4@ycombinator.com,Male,38.53.108.183
402,Melonie,Knell,mknellb5@gnu.org,Female,155.90.108.57
403,Farr,Stack,fstackb6@wordpress.org,Male,159.122.219.89
404,Bobbie,Pendered,bpenderedb7@mac.com,Male,218.12.171.246
405,Lorens,McKeachie,lmckeachieb8@weebly.com,Male,243.239.140.123
406,Godwin,Cloney,gcloneyb9@globo.com,Male,84.105.25.255
407,Sherline,Alekseicik,salekseicikba@addtoany.com,Female,8.255.134.197
408,Sutherland,Greenroyd,sgreenroydbb@joomla.org,Genderfluid,116.123.128.131
409,Noelani,McKibbin,nmckibbinbc@webnode.com,Female,242.14.16.235
410,Dari,Gravy,dgravybd@tinyurl.com,Female,214.55.208.78
411,Nicki,Boxer,nboxerbe@imgur.com,Female,157.214.229.94
412,Alvy,Dudson,adudsonbf@friendfeed.com,Male,122.254.126.58
413,Erin,Blencowe,eblencowebg@archive.org,Female,121.66.42.222
414,Ambrose,Ragg,araggbh@g.co,Male,134.72.220.141
415,Yurik,Wiltshaw,ywiltshawbi@telegraph.co.uk,Male,11.98.21.184
416,Leora,O'Hern,lohernbj@aboutads.info,Female,83.18.183.193
417,Morley,Fairpo,mfairpobk@google.de,Male,90.146.40.214
418,Charisse,Peplow,cpeplowbl@zimbio.com,Polygender,4.218.185.235
419,Adrienne,Alcoran,aalcoranbm@discuz.net,Female,168.1.55.41
420,Archaimbaud,Scullard,ascullardbn@google.es,Male,194.2.224.216
421,Katusha,Straw,kstrawbo@yolasite.com,Female,167.88.128.65
422,Mahalia,Ruddy,mruddybp@youtube.com,Female,232.95.43.152
423,Barty,Gieraths,bgierathsbq@acquirethisname.com,Male,202.202.204.28
424,Georgena,Hammant,ghammantbr@blogger.com,Female,171.218.183.53
425,Chelsae,Gelly,cgellybs@gravatar.com,Female,88.74.17.221
426,Dulce,Siddeley,dsiddeleybt@mtv.com,Female,11.7.117.222
427,Gaile,Waldrum,gwaldrumbu@cmu.edu,Male,41.151.57.210
428,Gerick,McClay,gmcclaybv@google.cn,Male,81.201.84.45
429,Wade,Gallahar,wgallaharbw@uol.com.br,Male,167.0.184.130
430,Rosalynd,Gall,rgallbx@hibu.com,Female,146.137.31.75
431,Durante,Mallock,dmallockby@bravesites.com,Male,60.104.213.112
432,Peter,Rysom,prysombz@netlog.com,Male,70.165.31.40
433,Rycca,Seton,rsetonc0@phpbb.com,Female,17.128.74.220
434,Teena,Jickles,tjicklesc1@spotify.com,Female,207.48.127.224
435,Quincy,Billam,qbillamc2@ucla.edu,Male,202.222.195.62
436,Winnie,Elijahu,welijahuc3@ovh.net,Male,159.219.10.106
437,Giovanna,Shuxsmith,gshuxsmithc4@hao123.com,Female,2.185.189.73
438,Mohammed,Owain,mowainc5@taobao.com,Male,143.0.39.30
439,Susann,Anthoin,santhoinc6@arizona.edu,Female,175.103.232.24
440,Margy,Wyborn,mwybornc7@mediafire.com,Female,215.174.180.186
441,Korrie,Kain,kkainc8@dyndns.org,Female,74.8.194.71
442,Pierre,Drayn,pdraync9@usnews.com,Male,138.209.191.161
443,Reuben,Breagan,rbreaganca@fda.gov,Male,112.202.51.71
444,Terry,Labitt,tlabittcb@about.me,Female,29.124.223.64
445,Krista,Arnolds,karnoldscc@smugmug.com,Female,253.203.39.8
446,Salomon,Lovie,sloviecd@miibeian.gov.cn,Male,29.109.165.237
447,Desmond,Daines,ddainesce@drupal.org,Male,106.138.213.198
448,Jacobo,Copozio,jcopoziocf@people.com.cn,Male,161.163.216.2
449,Kerby,Ciobutaro,kciobutarocg@mediafire.com,Male,185.26.163.226
450,Karissa,Gonnelly,kgonnellych@ca.gov,Female,131.120.197.21
451,Adriana,Giovannilli,agiovannillici@vimeo.com,Female,238.207.44.31
452,Baily,Borel,bborelcj@yolasite.com,Male,39.117.65.180
453,Pooh,Membry,pmembryck@ustream.tv,Female,91.90.85.165
454,Bill,Dudin,bdudincl@ca.gov,Female,145.211.125.211
455,Bathsheba,Yedy,byedycm@shareasale.com,Female,177.31.180.150
456,Kinny,Gremain,kgremaincn@artisteer.com,Non-binary,193.21.59.187
457,Fidelity,Levine,flevineco@ask.com,Genderqueer,186.24.109.143
458,Lorenza,Jzhakov,ljzhakovcp@netlog.com,Female,89.10.157.170
459,Noel,Forsard,nforsardcq@smh.com.au,Polygender,57.236.89.153
460,Henrieta,Brabham,hbrabhamcr@reference.com,Female,181.222.180.74
461,Lewes,Ezzy,lezzycs@blinklist.com,Male,197.253.1.64
462,Marlie,Littley,mlittleyct@youtube.com,Female,199.79.50.129
463,Merrilee,MacKessock,mmackessockcu@amazon.com,Non-binary,27.208.0.77
464,Tremain,Plomer,tplomercv@skype.com,Male,11.211.96.13
465,Elihu,Soloway,esolowaycw@ifeng.com,Male,98.146.90.216
466,Consuelo,Sayer,csayercx@oaic.gov.au,Female,163.84.91.48
467,Hirsch,Pawels,hpawelscy@foxnews.com,Male,119.73.3.88
468,Marcela,Physic,mphysiccz@rambler.ru,Female,70.159.142.197
469,Caldwell,Gayne,cgayned0@google.pl,Male,70.112.98.70
470,Chrisy,Kleinert,ckleinertd1@drupal.org,Male,184.101.147.162
471,Willard,Meindl,wmeindld2@hhs.gov,Male,150.59.59.192
472,Pollyanna,Humphris,phumphrisd3@edublogs.org,Agender,44.183.130.74
473,Quintana,Janca,qjancad4@imgur.com,Female,247.186.173.87
474,Konrad,Burge,kburged5@wsj.com,Male,96.188.172.208
475,Devi,Denecamp,ddenecampd6@usgs.gov,Female,244.57.66.27
476,Sloane,Toxell,stoxelld7@usgs.gov,Male,17.14.233.2
477,Warner,Wilby,wwilbyd8@barnesandnoble.com,Male,147.128.216.11
478,Rosie,Duckett,rduckettd9@youtube.com,Female,67.238.77.102
479,Roland,Hamblyn,rhamblynda@cargocollective.com,Male,172.105.229.32
480,Luce,Mantrip,lmantripdb@pcworld.com,Genderqueer,36.222.181.176
481,Pru,Tittershill,ptittershilldc@rakuten.co.jp,Female,255.172.143.73
482,Lani,Blazek,lblazekdd@bloomberg.com,Female,93.0.240.26
483,Warren,Skurm,wskurmde@liveinternet.ru,Male,224.165.209.17
484,Garret,O'Dogherty,godoghertydf@cargocollective.com,Male,44.144.187.168
485,Toiboid,Fergusson,tfergussondg@icq.com,Male,159.253.1.9
486,Hasty,Luckin,hluckindh@go.com,Male,196.197.60.17
487,Sonia,Tompkin,stompkindi@cnet.com,Female,37.23.212.36
488,Martin,Milnthorpe,mmilnthorpedj@wordpress.com,Male,59.41.126.57
489,Tremayne,Tartt,ttarttdk@cnn.com,Male,109.109.104.243
490,Vinny,Shergold,vshergolddl@sina.com.cn,Genderqueer,54.27.110.31
491,Pavel,Curdell,pcurdelldm@photobucket.com,Male,207.181.206.148
492,Merralee,Phlippi,mphlippidn@epa.gov,Female,64.246.53.102
493,Wynne,Quinion,wquiniondo@addthis.com,Female,158.217.210.234
494,Dacy,Bendle,dbendledp@princeton.edu,Genderfluid,149.47.52.208
495,Waylen,Wintle,wwintledq@github.com,Genderfluid,48.223.131.131
496,Karil,Dmitrichenko,kdmitrichenkodr@wired.com,Female,230.174.105.218
497,Edmon,Mathewson,emathewsonds@github.io,Male,33.244.95.245
498,Willamina,Jacobovitz,wjacobovitzdt@msu.edu,Female,178.138.12.153
499,Ignace,Le Pruvost,ilepruvostdu@elpais.com,Male,196.35.3.33
500,Brendon,Munday,bmundaydv@ameblo.jp,Male,28.188.224.248
501,Irma,Rapley,irapleydw@google.pl,Female,206.103.83.156
502,Ginger,Richens,grichensdx@unc.edu,Female,115.52.10.30
503,Barbaraanne,Joron,bjorondy@apache.org,Female,216.53.199.16
504,Jenine,Vedyashkin,jvedyashkindz@sfgate.com,Female,102.38.20.90
505,Devlin,Harcombe,dharcombee0@furl.net,Male,234.199.212.69
506,Winfred,Ivantyev,wivantyeve1@dagondesign.com,Male,223.200.4.231
507,Ayn,Gaskall,agaskalle2@surveymonkey.com,Female,21.61.143.7
508,Meyer,Arsey,marseye3@imdb.com,Male,137.76.22.74
509,Winna,Adriani,wadrianie4@wordpress.com,Female,173.18.77.12
510,Charo,Duffil,cduffile5@imageshack.us,Agender,225.223.218.2
511,L;urette,Abercromby,labercrombye6@who.int,Female,2.58.223.50
512,Quinton,Turfin,qturfine7@accuweather.com,Male,95.114.26.106
513,Gilburt,Huglin,ghugline8@tinyurl.com,Male,133.175.136.255
514,Pincus,Chadney,pchadneye9@cam.ac.uk,Genderqueer,141.106.39.134
515,Chery,Tuffell,ctuffellea@oakley.com,Female,84.146.135.25
516,Aldridge,McIlheran,amcilheraneb@google.com.au,Male,160.238.106.35
517,Marcie,Mallender,mmallenderec@macromedia.com,Female,229.45.96.186
518,Torrey,Ludvigsen,tludvigsened@cmu.edu,Male,129.88.74.25
519,Roxine,Maunsell,rmaunsellee@posterous.com,Agender,171.235.210.187
520,Lionel,Mathieu,lmathieuef@woothemes.com,Male,184.113.148.215
521,Shelia,McIlwraith,smcilwraitheg@example.com,Female,251.61.229.160
522,Camilla,Simkiss,csimkisseh@dagondesign.com,Female,41.77.203.72
523,Hagen,Rosenhaupt,hrosenhauptei@deviantart.com,Male,147.114.149.163
524,Valaree,Gawkes,vgawkesej@gizmodo.com,Genderfluid,148.37.170.90
525,Beniamino,Hudleston,bhudlestonek@woothemes.com,Male,77.56.61.56
526,Jourdan,Gallant,jgallantel@feedburner.com,Female,227.183.219.107
527,Carolus,McGuigan,cmcguiganem@canalblog.com,Male,104.107.162.50
528,Goddard,Mitcheson,gmitchesonen@cornell.edu,Agender,46.118.18.183
529,Carly,Quin,cquineo@goodreads.com,Male,183.134.219.140
530,Terrel,Matz,tmatzep@msu.edu,Male,65.44.50.5
531,Robinia,Dagworthy,rdagworthyeq@google.com.br,Genderqueer,241.189.133.80
532,Lucila,Castan,lcastaner@census.gov,Female,7.29.128.7
533,Chadd,Coot,ccootes@engadget.com,Male,255.215.132.81
534,Kelsy,Skyrme,kskyrmeet@dmoz.org,Female,34.129.31.12
535,Lurette,Malpass,lmalpasseu@ihg.com,Female,116.56.118.183
536,Dee,Howitt,dhowittev@wisc.edu,Female,158.121.78.125
537,Marlena,Leversuch,mleversuchew@yahoo.com,Female,92.44.191.71
538,Donnell,Wurst,dwurstex@yahoo.com,Male,37.15.184.124
539,Nevins,Heaselgrave,nheaselgraveey@guardian.co.uk,Male,206.118.229.64
540,Pennie,Daddow,pdaddowez@sina.com.cn,Male,101.7.70.145
541,Lark,Maultby,lmaultbyf0@histats.com,Female,56.53.149.216
542,Cassondra,Nilles,cnillesf1@linkedin.com,Female,51.135.25.178
543,Lissa,Arnke,larnkef2@purevolume.com,Genderfluid,11.204.98.236
544,Kayle,Blackledge,kblackledgef3@opera.com,Female,223.192.33.137
545,Mariann,Pea,mpeaf4@unblog.fr,Female,163.155.186.183
546,Tallie,Kausche,tkauschef5@nyu.edu,Female,87.246.195.189
547,Marve,Ivantsov,mivantsovf6@discovery.com,Male,10.157.249.231
548,Trudy,Monan,tmonanf7@t-online.de,Female,105.115.4.64
549,Janos,Murrison,jmurrisonf8@ocn.ne.jp,Male,156.225.145.170
550,Blanch,Crowcher,bcrowcherf9@goo.ne.jp,Female,63.234.174.17
551,Bing,Pheazey,bpheazeyfa@macromedia.com,Male,63.52.36.138
552,Loralyn,Pickthall,lpickthallfb@google.co.jp,Female,137.48.18.3
553,Janeva,Guerro,jguerrofc@fda.gov,Female,111.123.159.121
554,Tawnya,Satterfitt,tsatterfittfd@prnewswire.com,Female,43.129.89.105
555,Gottfried,McTerlagh,gmcterlaghfe@shop-pro.jp,Male,139.242.22.168
556,Nadiya,Gasperi,ngasperiff@g.co,Female,156.180.25.41
557,Fredi,Smedmoor,fsmedmoorfg@ehow.com,Female,21.179.182.203
558,Melisa,Pocknoll,mpocknollfh@comcast.net,Female,206.157.89.66
559,Kerwin,Skeggs,kskeggsfi@digg.com,Male,151.157.148.53
560,Onofredo,Pirri,opirrifj@naver.com,Male,47.216.114.196
561,Wilmer,Alderwick,walderwickfk@xing.com,Male,129.51.70.49
562,Luciana,Delahunt,ldelahuntfl@bloglovin.com,Female,71.213.226.99
563,Domingo,Hanssmann,dhanssmannfm@ehow.com,Male,172.169.85.163
564,Griffy,Poynser,gpoynserfn@drupal.org,Male,155.130.224.26
565,Denny,MacKeague,dmackeaguefo@facebook.com,Male,79.148.29.249
566,Philippine,Niemiec,pniemiecfp@boston.com,Female,139.114.183.62
567,Opal,Whales,owhalesfq@si.edu,Female,236.125.223.44
568,Allison,Welch,awelchfr@booking.com,Female,85.182.255.209
569,Bernie,Garbutt,bgarbuttfs@sakura.ne.jp,Male,59.112.2.0
570,Pepi,Fawdery,pfawderyft@businesswire.com,Female,189.121.56.154
571,Inesita,Menlove,imenlovefu@google.nl,Female,74.229.131.211
572,Payton,Penson,ppensonfv@is.gd,Male,71.230.239.98
573,Abie,Gristwood,agristwoodfw@vk.com,Male,225.94.108.244
574,Guilbert,Greenstead,ggreensteadfx@dedecms.com,Male,78.67.178.199
575,Whitby,Rosoman,wrosomanfy@cnbc.com,Male,102.113.72.32
576,Virgil,Scolli,vscollifz@tripod.com,Male,101.83.205.231
577,Weylin,Thewlis,wthewlisg0@digg.com,Male,49.118.18.193
578,Wallis,Eyles,weylesg1@goo.gl,Male,16.33.18.250
579,Desiree,Gliddon,dgliddong2@bravesites.com,Female,147.177.131.100
580,Euphemia,Rentz,erentzg3@digg.com,Female,7.109.68.221
581,Merill,Bridgens,mbridgensg4@acquirethisname.com,Male,208.24.239.28
582,Robby,Golton,rgoltong5@usa.gov,Male,208.187.198.78
583,Dionis,Broek,dbroekg6@163.com,Female,47.33.82.196
584,Keen,Brabban,kbrabbang7@mtv.com,Male,82.34.134.91
585,Dorie,Favill,dfavillg8@usatoday.com,Female,183.80.178.97
586,Kelvin,Fairlie,kfairlieg9@sphinn.com,Male,80.74.231.4
587,Thom,Tutchell,ttutchellga@google.com.br,Male,81.207.129.49
588,Donnie,Raubenheimers,draubenheimersgb@baidu.com,Female,239.207.136.204
589,Inigo,Sandaver,isandavergc@earthlink.net,Genderfluid,235.54.21.169
590,Jakie,Napier,jnapiergd@feedburner.com,Male,8.42.212.121
591,Lebbie,Vertey,lverteyge@desdev.cn,Female,5.186.250.210
592,Efrem,Glassup,eglassupgf@chronoengine.com,Male,240.30.224.39
593,Hilliary,Hurdwell,hhurdwellgg@dot.gov,Female,150.84.151.152
594,Anatollo,Trundler,atrundlergh@abc.net.au,Bigender,119.249.132.6
595,Auberta,Maben,amabengi@spotify.com,Female,170.238.5.140
596,Webb,Harraway,wharrawaygj@topsy.com,Male,17.178.231.227
597,Rurik,Sheather,rsheathergk@skyrock.com,Male,165.247.217.35
598,Liane,Bartrop,lbartropgl@bravesites.com,Female,87.25.177.194
599,Kassi,Lafflin,klafflingm@google.es,Female,219.25.86.231
600,Fleming,Marnane,fmarnanegn@technorati.com,Male,23.112.251.217
601,Sergei,Janman,sjanmango@stanford.edu,Male,47.218.160.141
602,Dulcea,Spain,dspaingp@illinois.edu,Female,155.180.153.238
603,Ailey,Dillamore,adillamoregq@bing.com,Female,215.5.210.64
604,Eleonore,Bolmann,ebolmanngr@webnode.com,Female,79.191.217.148
605,Clarke,Chaloner,cchalonergs@behance.net,Male,164.233.1.108
606,Imelda,Pogg,ipogggt@irs.gov,Female,97.253.196.133
607,Marion,Harce,mharcegu@weibo.com,Male,125.5.153.78
608,Rachelle,Birdwhistle,rbirdwhistlegv@friendfeed.com,Female,100.183.3.0
609,Toby,Greengrass,tgreengrassgw@disqus.com,Agender,191.11.136.142
610,Lorri,Hamblington,lhamblingtongx@imdb.com,Female,162.180.251.154
611,Tally,Perrat,tperratgy@meetup.com,Male,7.234.124.216
612,Bradney,Greatorex,bgreatorexgz@aol.com,Male,239.5.39.205
613,Shelby,Noriega,snoriegah0@washington.edu,Male,102.102.26.122
614,Hagan,Tabord,htabordh1@google.com.au,Male,245.187.83.41
615,Lucine,Sauter,lsauterh2@woothemes.com,Female,89.169.124.62
616,Stormy,Rickhuss,srickhussh3@economist.com,Female,172.66.220.184
617,Rafaellle,Kilgrove,rkilgroveh4@dion.ne.jp,Male,72.70.213.113
618,Danie,Benting,dbentingh5@army.mil,Male,253.172.25.158
619,Margeaux,Pranger,mprangerh6@hatena.ne.jp,Female,12.137.198.22
620,Gaston,Larby,glarbyh7@miibeian.gov.cn,Male,63.133.36.245
621,Savina,Aubrey,saubreyh8@latimes.com,Female,207.80.148.161
622,Craig,Allso,callsoh9@about.com,Male,48.34.190.29
623,Pearle,Gilhouley,pgilhouleyha@ca.gov,Female,131.0.234.173
624,Lillian,Lamartine,llamartinehb@istockphoto.com,Female,95.169.186.41
625,Garrard,Edrich,gedrichhc@dropbox.com,Male,33.13.245.46
626,Kirsten,Matushenko,kmatushenkohd@zimbio.com,Female,146.209.70.114
627,Brandy,Danev,bdanevhe@dailymotion.com,Bigender,145.93.254.235
628,Rory,Dougherty,rdoughertyhf@netlog.com,Female,204.158.203.69
629,Linn,Geall,lgeallhg@wired.com,Male,190.140.155.28
630,Robbert,Pladen,rpladenhh@feedburner.com,Male,105.66.6.165
631,Myrtle,Radolf,mradolfhi@quantcast.com,Female,32.243.185.255
632,Bo,Shimoni,bshimonihj@moonfruit.com,Male,102.187.83.247
633,Carla,Croose,ccroosehk@soundcloud.com,Female,70.149.203.70
634,Staci,Dollimore,sdollimorehl@t.co,Female,179.209.231.74
635,Addia,Martinie,amartiniehm@forbes.com,Female,174.29.189.215
636,Penelopa,Dikelin,pdikelinhn@engadget.com,Female,93.229.116.199
637,Parnell,Caddell,pcaddellho@senate.gov,Male,96.231.47.188
638,Melvyn,Karys,mkaryshp@com.com,Male,77.22.198.61
639,Jimmy,Meredyth,jmeredythhq@discovery.com,Male,183.143.16.172
640,Charlie,Scotting,cscottinghr@creativecommons.org,Male,205.23.178.129
641,Brigid,Brodley,bbrodleyhs@imageshack.us,Female,28.153.98.204
642,Ronni,Charpling,rcharplinght@technorati.com,Female,215.229.58.121
643,Ara,Comberbach,acomberbachhu@google.de,Female,171.79.156.135
644,Idalina,Seabrooke,iseabrookehv@alibaba.com,Female,87.23.5.234
645,Gayleen,Vescovo,gvescovohw@spotify.com,Agender,233.122.68.126
646,Karly,Strowger,kstrowgerhx@state.tx.us,Female,18.75.73.210
647,Wadsworth,Harnetty,wharnettyhy@washingtonpost.com,Polygender,23.101.21.155
648,Rancell,Laroux,rlarouxhz@buzzfeed.com,Male,33.102.215.4
649,Chelsea,Gecks,cgecksi0@tumblr.com,Female,252.209.181.84
650,Tobit,Tremlett,ttremletti1@ebay.co.uk,Male,10.12.254.130
651,Shaw,Aspray,sasprayi2@skype.com,Male,25.89.145.240
652,Ertha,Latimer,elatimeri3@mac.com,Female,76.253.97.237
653,Tom,Kryska,tkryskai4@hatena.ne.jp,Male,26.239.91.202
654,Gennifer,Martinyuk,gmartinyuki5@foxnews.com,Female,233.157.56.131
655,Tuck,Coutthart,tcouttharti6@hexun.com,Male,146.200.172.41
656,Normand,Lamba,nlambai7@arizona.edu,Male,31.51.244.133
657,Mallorie,Alldred,malldredi8@mozilla.com,Female,136.155.52.38
658,Wiley,Jobern,wjoberni9@youtu.be,Male,62.78.124.49
659,Seth,Riggoll,sriggollia@bloomberg.com,Male,95.105.212.104
660,Robers,Prandoni,rprandoniib@unblog.fr,Male,206.237.137.139
661,Hattie,Darlaston,hdarlastonic@ning.com,Female,184.77.180.109
662,Phil,Visco,pviscoid@dell.com,Bigender,78.31.152.81
663,Laraine,Lippard,llippardie@who.int,Female,43.181.195.213
664,Myranda,Gerhold,mgerholdif@liveinternet.ru,Female,177.129.0.241
665,Lotti,Cluse,lcluseig@cnbc.com,Female,30.53.255.209
666,Lorilyn,Senn,lsennih@jigsy.com,Female,252.16.213.75
667,Sergeant,Yanov,syanovii@theguardian.com,Male,84.15.159.212
668,Max,Panketh,mpankethij@flickr.com,Agender,10.99.214.18
669,Onfre,Borzone,oborzoneik@tiny.cc,Male,150.166.177.33
670,Lucia,Blackleech,lblackleechil@house.gov,Genderqueer,129.6.161.43
671,Langston,Errichelli,lerrichelliim@prnewswire.com,Male,59.7.58.221
672,Travis,Lambrook,tlambrookin@independent.co.uk,Agender,133.1.65.91
673,Roosevelt,Crellim,rcrellimio@yelp.com,Male,184.96.170.212
674,Elane,Gostyke,egostykeip@springer.com,Non-binary,33.188.78.28
675,Kania,Theunissen,ktheunisseniq@nhs.uk,Female,176.66.201.246
676,Waylan,Risbrough,wrisbroughir@shop-pro.jp,Male,60.232.62.84
677,Meggy,Rangle,mrangleis@nasa.gov,Genderqueer,203.182.140.183
678,Dorry,Shwalbe,dshwalbeit@yellowbook.com,Female,57.194.159.249
679,Emilee,Sooper,esooperiu@cnet.com,Female,111.77.42.22
680,Currey,Mealham,cmealhamiv@amazonaws.com,Male,195.162.132.208
681,Wylie,Barthorpe,wbarthorpeiw@goodreads.com,Male,17.207.101.225
682,Owen,O'Shiel,ooshielix@nps.gov,Male,193.253.193.27
683,Esma,Bernini,eberniniiy@google.fr,Female,23.69.13.31
684,Mathilde,Shyram,mshyramiz@csmonitor.com,Female,245.169.58.24
685,Ulrikaumeko,Mc Kellen,umckellenj0@php.net,Female,153.249.108.146
686,Carver,Rowatt,crowattj1@who.int,Male,89.131.155.147
687,Alan,Rothon,arothonj2@auda.org.au,Male,233.59.18.8
688,Selinda,Glazier,sglazierj3@miibeian.gov.cn,Female,84.139.240.119
689,Rabi,Piecha,rpiechaj4@sitemeter.com,Male,110.106.160.116
690,Magdalen,Frankiewicz,mfrankiewiczj5@lulu.com,Female,217.172.111.181
691,Ronny,Wakeham,rwakehamj6@biblegateway.com,Male,26.251.149.106
692,Ami,Ravens,aravensj7@mysql.com,Genderqueer,84.97.18.166
693,Even,Lingley,elingleyj8@hostgator.com,Male,79.206.253.93
694,Kirsti,Bradd,kbraddj9@printfriendly.com,Polygender,17.252.42.224
695,Chauncey,Amberg,cambergja@people.com.cn,Non-binary,207.131.105.153
696,Kara,D'Alessio,kdalessiojb@e-recht24.de,Female,242.151.120.64
697,Tatiania,Tarbath,ttarbathjc@salon.com,Female,28.255.146.192
698,Jabez,Iskowitz,jiskowitzjd@aol.com,Male,100.245.240.154
699,Ivonne,Barrott,ibarrottje@constantcontact.com,Female,31.79.143.129
700,Johnathon,Stanborough,jstanboroughjf@answers.com,Male,174.46.159.125
701,Onfroi,Paolotto,opaolottojg@hhs.gov,Male,35.73.138.138
702,Jodie,Cabral,jcabraljh@wisc.edu,Male,19.216.140.159
703,William,Anderbrugge,wanderbruggeji@google.ca,Male,241.213.210.146
704,Blinnie,Fitchell,bfitchelljj@icio.us,Female,195.184.82.165
705,Malissa,Eleshenar,meleshenarjk@wired.com,Female,175.192.142.118
706,Amelia,Rosenfarb,arosenfarbjl@jiathis.com,Female,145.163.64.186
707,Stan,Box,sboxjm@exblog.jp,Male,103.67.116.200
708,Minta,Cubbon,mcubbonjn@java.com,Bigender,43.218.71.11
709,Kirsten,Dymick,kdymickjo@sciencedirect.com,Female,95.184.155.63
710,Cecelia,Rosenstiel,crosenstieljp@pcworld.com,Female,69.86.9.72
711,Ximenez,Beare,xbearejq@drupal.org,Male,92.39.209.13
712,Bernardo,Henriet,bhenrietjr@fema.gov,Male,40.120.71.35
713,Haze,Smitten,hsmittenjs@prnewswire.com,Male,182.77.15.198
714,Rene,Malim,rmalimjt@sphinn.com,Female,141.146.202.1
715,Carl,McGaughey,cmcgaugheyju@histats.com,Male,255.113.119.33
716,Marice,Berrisford,mberrisfordjv@examiner.com,Female,212.239.172.148
717,Giana,Chellenham,gchellenhamjw@cocolog-nifty.com,Polygender,220.247.199.115
718,Angeline,Mutter,amutterjx@springer.com,Female,107.253.224.211
719,Beck,Astell,bastelljy@yahoo.com,Male,202.40.232.116
720,Pippy,Abrahamsson,pabrahamssonjz@usgs.gov,Female,6.218.190.50
721,Floyd,Gingedale,fgingedalek0@webeden.co.uk,Male,246.150.37.135
722,Sammie,Lintill,slintillk1@squarespace.com,Male,46.81.245.62
723,Gavra,Crush,gcrushk2@shop-pro.jp,Female,219.79.161.245
724,Dougie,Donne,ddonnek3@taobao.com,Male,189.196.96.249
725,Ardra,Seaborne,aseabornek4@china.com.cn,Female,101.11.201.31
726,Yankee,Rockell,yrockellk5@deliciousdays.com,Male,75.111.62.145
727,Opaline,Depport,odepportk6@economist.com,Female,241.232.151.193
728,Hattie,Gaspar,hgaspark7@yandex.ru,Female,41.83.218.174
729,Brew,Saltern,bsalternk8@hibu.com,Male,30.219.153.197
730,Thane,Riply,triplyk9@topsy.com,Male,90.113.49.221
731,Marlo,Kinchington,mkinchingtonka@bbc.co.uk,Bigender,105.25.190.180
732,Marcelia,Striker,mstrikerkb@furl.net,Female,157.252.18.6
733,Kellyann,Reinhardt,kreinhardtkc@shop-pro.jp,Female,48.158.197.71
734,Adriaens,Trenaman,atrenamankd@businessinsider.com,Female,19.191.142.41
735,Janela,Skurray,jskurrayke@studiopress.com,Female,233.122.45.223
736,Glynn,McLukie,gmclukiekf@uiuc.edu,Male,238.77.79.77
737,Tedra,Blasiak,tblasiakkg@newyorker.com,Female,75.206.112.216
738,Amby,Chessel,achesselkh@t.co,Genderqueer,213.132.235.24
739,Rudolph,Hamm,rhammki@shareasale.com,Male,249.218.240.117
740,Mollie,Gratton,mgrattonkj@businessweek.com,Female,11.126.70.160
741,Normie,Bachelor,nbachelorkk@prnewswire.com,Male,148.204.252.23
742,Diahann,Hawkswell,dhawkswellkl@wsj.com,Female,70.118.127.92
743,Eb,Feldfisher,efeldfisherkm@instagram.com,Male,35.229.179.195
744,Jessey,Bellwood,jbellwoodkn@mozilla.org,Male,91.171.74.6
745,Paolina,Dot,pdotko@wsj.com,Non-binary,27.9.165.163
746,Axe,Comini,acominikp@home.pl,Male,169.110.188.249
747,Suzy,Iorio,sioriokq@posterous.com,Polygender,123.162.174.19
748,Jeffie,Roswarne,jroswarnekr@mozilla.org,Non-binary,120.18.113.104
749,Garrek,McArthur,gmcarthurks@irs.gov,Male,149.92.113.217
750,Whittaker,Belford,wbelfordkt@cnn.com,Male,198.197.32.251
751,Chucho,Hynde,chyndeku@ox.ac.uk,Male,99.92.162.32
752,Delmer,Howler,dhowlerkv@nbcnews.com,Male,103.29.181.198
753,Abbey,Sahlstrom,asahlstromkw@linkedin.com,Male,59.112.133.145
754,Shellysheldon,Hendricks,shendrickskx@uiuc.edu,Male,61.76.11.252
755,Jozef,Vines,jvinesky@webmd.com,Male,154.215.125.102
756,Delano,Pymm,dpymmkz@cdc.gov,Male,228.241.108.186
757,Sasha,Fawltey,sfawlteyl0@europa.eu,Male,46.95.171.217
758,Celisse,Avrahamian,cavrahamianl1@list-manage.com,Bigender,216.236.111.215
759,Gaven,Pawlik,gpawlikl2@mail.ru,Male,8.207.216.153
760,Cissy,Rallings,crallingsl3@marriott.com,Female,240.90.100.235
761,Jarrett,Decaze,jdecazel4@un.org,Male,91.68.117.11
762,Patrizia,Moles,pmolesl5@sitemeter.com,Female,207.113.172.196
763,Farley,Houseley,fhouseleyl6@purevolume.com,Male,175.96.85.85
764,Ferne,Bedle,fbedlel7@dion.ne.jp,Female,219.167.83.110
765,Sylvan,Breach,sbreachl8@deviantart.com,Male,28.8.119.78
766,Kristyn,Ranyelld,kranyelldl9@phoca.cz,Female,43.123.7.173
767,Christoper,Pamplin,cpamplinla@hp.com,Male,96.153.220.36
768,Zack,Brosnan,zbrosnanlb@uol.com.br,Male,24.201.172.132
769,Lonee,Seegar,lseegarlc@w3.org,Female,111.118.248.236
770,Elisa,Clapison,eclapisonld@cbsnews.com,Female,104.49.247.232
771,Reinaldo,Imlock,rimlockle@g.co,Male,170.196.188.55
772,Leisha,Caccavari,lcaccavarilf@webmd.com,Female,211.63.177.83
773,Adamo,Esslemont,aesslemontlg@drupal.org,Male,109.154.50.1
774,Thurstan,Erdes,terdeslh@uiuc.edu,Male,87.250.120.115
775,Marlo,Albinson,malbinsonli@springer.com,Polygender,137.87.88.102
776,Marlow,Bromwich,mbromwichlj@cnn.com,Male,65.45.229.136
777,Melanie,Bonner,mbonnerlk@symantec.com,Female,106.234.240.241
778,Glynn,Proske,gproskell@engadget.com,Male,137.149.9.105
779,Fidelio,Harriss,fharrisslm@usda.gov,Male,251.241.18.115
780,Mathe,Swenson,mswensonln@shareasale.com,Male,0.140.222.120
781,Bruce,Prangnell,bprangnelllo@timesonline.co.uk,Male,95.8.57.166
782,Van,Avrahamian,vavrahamianlp@technorati.com,Male,51.190.223.105
783,Welch,Swyer-Sexey,wswyersexeylq@blogs.com,Male,47.54.15.114
784,Haily,Lincoln,hlincolnlr@phpbb.com,Male,175.141.24.247
785,Millicent,Kahane,mkahanels@timesonline.co.uk,Female,118.174.169.63
786,Pennie,Brinicombe,pbrinicombelt@umn.edu,Female,194.209.239.133
787,Dina,Priddis,dpriddislu@soup.io,Female,130.199.101.110
788,Claus,Billany,cbillanylv@buzzfeed.com,Male,20.181.129.72
789,Adolphe,Cluney,acluneylw@creativecommons.org,Male,19.83.174.176
790,Wallas,Arnull,warnulllx@businessinsider.com,Male,134.25.228.0
791,Smitty,Jatczak,sjatczakly@g.co,Genderfluid,34.94.113.51
792,Johny,Nesey,jneseylz@shop-pro.jp,Male,130.61.143.199
793,Annaliese,Sanper,asanperm0@cmu.edu,Female,229.240.150.136
794,Kerianne,Dever,kdeverm1@stanford.edu,Female,216.64.213.106
795,Jewel,Newbigging,jnewbiggingm2@weather.com,Female,115.35.28.172
796,Burnard,Hayton,bhaytonm3@reference.com,Male,97.132.12.39
797,Samaria,Fitzharris,sfitzharrism4@barnesandnoble.com,Female,86.125.86.168
798,Meredith,Mucklow,mmucklowm5@hostgator.com,Male,226.31.253.134
799,Marius,Fronczak,mfronczakm6@umn.edu,Male,117.173.178.91
800,Sileas,Cordery,scorderym7@amazonaws.com,Female,184.161.236.251
801,Pietro,Andrivot,pandrivotm8@intel.com,Male,80.105.176.251
802,Nero,Ouldcott,nouldcottm9@walmart.com,Male,241.172.46.166
803,Gery,Eva,gevama@tripadvisor.com,Male,91.45.56.86
804,Anna-diane,Minnis,aminnismb@mediafire.com,Genderqueer,13.230.227.169
805,Gypsy,Tunnacliffe,gtunnacliffemc@youtube.com,Female,227.152.115.34
806,Laina,Bendall,lbendallmd@xing.com,Female,20.132.18.0
807,Conney,Maestrini,cmaestrinime@lulu.com,Male,183.183.42.62
808,Christy,Roxbee,croxbeemf@cyberchimps.com,Male,34.255.152.209
809,Brigg,Servante,bservantemg@usa.gov,Male,149.117.148.250
810,Jenna,Mulliner,jmullinermh@chron.com,Genderfluid,2.248.255.79
811,Vergil,Ciottoi,vciottoimi@webmd.com,Male,151.253.47.192
812,Annabelle,Thomerson,athomersonmj@cnet.com,Female,81.85.247.74
813,Lorrin,Hinckes,lhinckesmk@howstuffworks.com,Female,172.80.221.141
814,Olav,Mattersey,omatterseyml@eepurl.com,Male,136.20.182.165
815,Rosalinde,Sallowaye,rsallowayemm@apple.com,Female,115.91.86.185
816,Mick,Janu,mjanumn@unesco.org,Male,28.198.148.22
817,Scotti,Kershow,skershowmo@tamu.edu,Male,82.7.4.240
818,Hilliard,Nisbet,hnisbetmp@mit.edu,Male,94.95.204.197
819,Armand,Napolione,anapolionemq@indiatimes.com,Male,177.32.124.168
820,Sile,Messier,smessiermr@imgur.com,Female,222.184.77.253
821,Tabina,Gurner,tgurnerms@ebay.com,Female,120.29.112.102
822,Harlen,Cheves,hchevesmt@google.fr,Male,148.221.177.73
823,Kimberley,Tredwell,ktredwellmu@sbwire.com,Female,240.77.78.198
824,Linet,Niesegen,lniesegenmv@dropbox.com,Female,254.114.79.77
825,Son,McCritichie,smccritichiemw@ftc.gov,Male,139.227.194.255
826,Benedikt,Gilliland,bgillilandmx@cmu.edu,Male,61.22.238.111
827,Normand,Troak,ntroakmy@furl.net,Male,252.163.102.215
828,Ellary,Patzelt,epatzeltmz@deviantart.com,Male,195.135.45.108
829,Drew,Di Franceshci,ddifranceshcin0@boston.com,Male,154.141.128.68
830,Wilbert,Winnett,wwinnettn1@addtoany.com,Male,168.136.18.203
831,Ibrahim,Faucett,ifaucettn2@bbc.co.uk,Male,71.2.19.47
832,Gil,Dwire,gdwiren3@marriott.com,Male,250.74.93.158
833,Klarrisa,Lilion,klilionn4@google.co.jp,Female,97.164.99.20
834,Ignazio,Bodill,ibodilln5@gizmodo.com,Male,149.126.186.20
835,Judi,Strangwood,jstrangwoodn6@dyndns.org,Female,96.89.3.31
836,Sashenka,Lakes,slakesn7@parallels.com,Female,241.145.200.2
837,Tiff,Larrat,tlarratn8@rambler.ru,Female,247.145.88.23
838,Claudia,Enevoldsen,cenevoldsenn9@examiner.com,Female,180.220.228.200
839,Catina,Soares,csoaresna@multiply.com,Female,47.217.133.163
840,Wake,Glasscott,wglasscottnb@bloglines.com,Male,86.58.132.137
841,Clem,Goodlad,cgoodladnc@ebay.co.uk,Female,97.77.122.29
842,Katrinka,Trevain,ktrevainnd@tinypic.com,Female,184.134.121.203
843,Giacobo,Lambourne,glambournene@reverbnation.com,Male,199.206.102.38
844,Kelwin,Illiston,killistonnf@privacy.gov.au,Agender,150.247.245.22
845,Madelon,Farmery,mfarmeryng@noaa.gov,Female,121.166.166.76
846,Duane,Guthrum,dguthrumnh@engadget.com,Male,136.93.255.211
847,Otha,Hairsnape,ohairsnapeni@artisteer.com,Female,72.244.45.208
848,Ximenes,Strute,xstrutenj@domainmarket.com,Male,185.49.243.204
849,Esra,Morfell,emorfellnk@arstechnica.com,Male,75.212.221.241
850,Lorin,Tideswell,ltideswellnl@surveymonkey.com,Male,221.244.186.165
851,Kay,Comoletti,kcomolettinm@bing.com,Female,241.139.189.170
852,Tris,Lawler,tlawlernn@privacy.gov.au,Male,145.137.26.69
853,Pegeen,Teasdale-Markie,pteasdalemarkieno@shop-pro.jp,Female,164.100.198.176
854,Dominique,Scini,dscininp@arizona.edu,Male,114.174.234.92
855,Claiborne,Glentworth,cglentworthnq@jalbum.net,Male,172.2.86.246
856,Charissa,Dhillon,cdhillonnr@sfgate.com,Female,35.87.211.65
857,Libbi,Gligoraci,lgligoracins@edublogs.org,Polygender,165.243.37.82
858,Josiah,Whebell,jwhebellnt@lulu.com,Male,133.10.217.31
859,Edith,Coulman,ecoulmannu@edublogs.org,Female,22.73.177.128
860,Eimile,MacDonell,emacdonellnv@webeden.co.uk,Female,122.23.223.180
861,Ryann,Dalgetty,rdalgettynw@ucsd.edu,Female,85.246.70.234
862,Annissa,Matyushkin,amatyushkinnx@npr.org,Genderfluid,8.195.167.150
863,Franky,Rutherford,frutherfordny@marriott.com,Genderqueer,43.254.83.185
864,Jamey,Charlick,jcharlicknz@senate.gov,Male,149.159.224.165
865,Eal,Scrivener,escrivenero0@pen.io,Bigender,20.12.121.107
866,Katrina,Pascho,kpaschoo1@alibaba.com,Female,194.169.101.220
867,Dannel,Sysland,dsyslando2@sphinn.com,Male,157.246.36.122
868,Lawry,Braganza,lbraganzao3@patch.com,Male,80.116.193.45
869,Armand,Kelbie,akelbieo4@pagesperso-orange.fr,Male,58.184.67.210
870,Karon,Baldin,kbaldino5@soup.io,Female,205.119.179.177
871,Carlita,Winfield,cwinfieldo6@cpanel.net,Female,184.203.133.156
872,Dayna,Sagar,dsagaro7@japanpost.jp,Non-binary,18.64.22.111
873,Kahlil,Kingerby,kkingerbyo8@jiathis.com,Male,156.166.135.137
874,Jorge,Treverton,jtrevertono9@yelp.com,Male,14.26.82.160
875,Melantha,Twitchett,mtwitchettoa@japanpost.jp,Female,72.236.254.161
876,Elaine,Codron,ecodronob@discuz.net,Female,36.209.176.36
877,Daryle,Mighele,dmigheleoc@paginegialle.it,Male,144.35.150.87
878,Irwin,MacEvilly,imacevillyod@histats.com,Male,213.230.8.57
879,Editha,Grundon,egrundonoe@stanford.edu,Female,119.202.242.223
880,Fairfax,Talks,ftalksof@phoca.cz,Male,150.230.216.193
881,Donavon,Burney,dburneyog@so-net.ne.jp,Male,12.98.253.156
882,Madel,Clare,mclareoh@loc.gov,Female,61.29.21.56
883,Sukey,Dearle,sdearleoi@diigo.com,Female,251.205.249.132
884,Florie,Delacote,fdelacoteoj@odnoklassniki.ru,Female,93.199.142.4
885,Priscilla,Mowsley,pmowsleyok@squarespace.com,Female,76.56.198.44
886,Catlee,Gladbach,cgladbachol@imageshack.us,Female,212.27.148.133
887,Jocelin,Currin,jcurrinom@dell.com,Female,77.245.200.64
888,Winny,Carss,wcarsson@wiley.com,Agender,45.239.135.93
889,Jeffrey,Godridge,jgodridgeoo@samsung.com,Male,96.248.141.237
890,Pierce,Brennan,pbrennanop@admin.ch,Male,63.239.38.247
891,Gwenneth,Vannah,gvannahoq@merriam-webster.com,Female,75.233.127.117
892,Arman,Foxley,afoxleyor@examiner.com,Male,218.226.74.239
893,Ammamaria,Erb,aerbos@4shared.com,Female,137.125.50.95
894,Andres,Gerritzen,agerritzenot@npr.org,Male,157.113.168.12
895,Mariam,Preddy,mpreddyou@bluehost.com,Female,231.38.5.43
896,Ronalda,Bilbie,rbilbieov@google.co.uk,Female,67.78.115.23
897,Nance,Handrek,nhandrekow@twitpic.com,Female,101.223.102.2
898,Merrilee,Coverdale,mcoverdaleox@bbc.co.uk,Female,21.53.255.40
899,Matthus,Mattioni,mmattionioy@nhs.uk,Male,167.15.93.67
900,Averil,Brownett,abrownettoz@ted.com,Male,48.163.19.17
901,Velma,Asgodby,vasgodbyp0@nba.com,Female,118.68.125.67
902,Walker,Buttwell,wbuttwellp1@google.com.br,Male,37.176.155.115
903,Ardine,Osmon,aosmonp2@bloglines.com,Female,38.25.155.31
904,Corny,Emanson,cemansonp3@technorati.com,Female,161.156.30.173
905,Raynard,Lacoste,rlacostep4@biglobe.ne.jp,Male,32.198.182.176
906,Perren,Garmston,pgarmstonp5@cbc.ca,Male,13.5.242.80
907,Clywd,Ferrone,cferronep6@naver.com,Male,101.249.95.122
908,Jeff,Loudyan,jloudyanp7@china.com.cn,Male,166.216.63.250
909,Calypso,Cottem,ccottemp8@admin.ch,Female,199.72.31.237
910,Josselyn,Geoghegan,jgeogheganp9@etsy.com,Female,201.234.165.3
911,Carl,Kennerley,ckennerleypa@intel.com,Male,226.204.65.83
912,Reider,Duffree,rduffreepb@nps.gov,Male,102.124.227.52
913,Mike,Madgewick,mmadgewickpc@blinklist.com,Genderqueer,254.186.107.171
914,Nola,Wixon,nwixonpd@cargocollective.com,Female,4.168.234.225
915,Esther,Grise,egrisepe@google.pl,Non-binary,143.240.131.69
916,Beatriz,Dedmam,bdedmampf@ebay.co.uk,Female,203.101.175.153
917,Antoni,Vankin,avankinpg@samsung.com,Male,87.206.244.142
918,Andonis,Metschke,ametschkeph@lulu.com,Male,140.27.96.173
919,Conan,Knox,cknoxpi@usa.gov,Male,188.144.138.219
920,Sophey,Wield,swieldpj@skype.com,Female,80.60.228.80
921,Elane,Marflitt,emarflittpk@goodreads.com,Female,85.198.148.217
922,Dulcinea,McManamon,dmcmanamonpl@taobao.com,Female,86.121.255.69
923,Joyous,Siveyer,jsiveyerpm@de.vu,Female,63.245.160.72
924,Amandie,Popeley,apopeleypn@angelfire.com,Female,242.131.184.181
925,Filmer,Detoile,fdetoilepo@biglobe.ne.jp,Male,145.220.109.67
926,Cole,Everitt,ceverittpp@zimbio.com,Male,96.138.193.69
927,Doris,Keepe,dkeepepq@amazon.com,Female,70.255.144.100
928,Kalle,Coffey,kcoffeypr@nhs.uk,Agender,200.5.87.203
929,Prisca,Behning,pbehningps@shutterfly.com,Female,60.164.255.43
930,Randall,Brugh,rbrughpt@elpais.com,Male,45.60.115.30
931,Hallsy,Renad,hrenadpu@biglobe.ne.jp,Male,163.96.253.71
932,Wayland,Grimwad,wgrimwadpv@storify.com,Male,60.65.227.231
933,Alon,Highton,ahightonpw@dell.com,Male,82.145.131.252
934,Evangelina,Brockett,ebrockettpx@tiny.cc,Female,239.100.166.22
935,Devi,Hutley,dhutleypy@360.cn,Female,191.131.64.89
936,Sidonia,McLaughlin,smclaughlinpz@clickbank.net,Female,109.31.208.102
937,Lorain,Shaefer,lshaeferq0@cnbc.com,Female,174.251.39.116
938,Glory,Kief,gkiefq1@comsenz.com,Female,45.45.2.88
939,Rosaline,Parkhouse,rparkhouseq2@adobe.com,Female,208.8.98.104
940,Beryl,Madders,bmaddersq3@home.pl,Female,21.240.100.20
941,Hyman,Ashard,hashardq4@so-net.ne.jp,Male,199.173.13.197
942,Ase,Salomon,asalomonq5@meetup.com,Male,25.69.188.7
943,Joana,Lafuente,jlafuenteq6@gizmodo.com,Female,104.189.188.68
944,Lizzie,Tiffin,ltiffinq7@arstechnica.com,Female,102.102.2.137
945,Bernarr,Snoad,bsnoadq8@sciencedaily.com,Male,159.246.84.136
946,Jacob,Deevey,jdeeveyq9@clickbank.net,Male,44.50.234.247
947,Chet,Diche,cdicheqa@gmpg.org,Male,97.64.3.186
948,Sylvia,Libbey,slibbeyqb@printfriendly.com,Female,133.55.226.171
949,Felecia,Misselbrook,fmisselbrookqc@bbb.org,Female,149.128.97.76
950,Levy,Ahren,lahrenqd@google.com.br,Polygender,142.97.172.145
951,Jarid,Schelle,jschelleqe@google.it,Male,21.242.3.216
952,Giffie,Swanborrow,gswanborrowqf@vistaprint.com,Male,173.8.224.184
953,Dorolisa,Semonin,dsemoninqg@is.gd,Female,182.66.127.208
954,Lindy,Greatbach,lgreatbachqh@skype.com,Male,218.70.249.40
955,Lay,Prinn,lprinnqi@dmoz.org,Genderfluid,127.120.7.221
956,Mariana,Booth,mboothqj@berkeley.edu,Female,120.203.128.4
957,Heinrick,Fedynski,hfedynskiqk@friendfeed.com,Male,64.21.176.254
958,Leoine,Gawler,lgawlerql@360.cn,Female,58.187.103.127
959,Raul,Leneve,rleneveqm@europa.eu,Male,225.221.233.235
960,Constantine,Lathbury,clathburyqn@sogou.com,Male,192.227.132.20
961,Nye,Gleadhell,ngleadhellqo@seesaa.net,Male,227.230.10.227
962,Tobias,Pauleit,tpauleitqp@reddit.com,Male,8.58.166.130
963,Clemmy,Sawers,csawersqq@wikimedia.org,Non-binary,34.102.46.224
964,Babara,Grayer,bgrayerqr@washingtonpost.com,Female,25.224.31.101
965,Crissy,Seid,cseidqs@jiathis.com,Female,60.148.197.93
966,Cristy,Luciano,clucianoqt@xinhuanet.com,Female,172.132.127.115
967,Karia,Woollons,kwoollonsqu@blog.com,Female,205.53.168.53
968,Gracie,Ledbury,gledburyqv@liveinternet.ru,Female,203.177.36.62
969,Grenville,Beddow,gbeddowqw@netvibes.com,Male,241.112.115.183
970,Ambrose,Lampe,alampeqx@cam.ac.uk,Male,202.173.214.72
971,Wilden,Scase,wscaseqy@dailymail.co.uk,Male,147.237.116.134
972,Archie,Terrey,aterreyqz@msn.com,Male,200.123.208.230
973,Henrie,Christin,hchristinr0@networkadvertising.org,Female,61.116.89.163
974,Halsy,Capelin,hcapelinr1@ft.com,Male,130.169.45.178
975,Casey,Hammerberg,chammerbergr2@macromedia.com,Male,150.244.98.157
976,Brendon,Beincken,bbeinckenr3@cornell.edu,Male,82.68.209.44
977,Desmond,Ridehalgh,dridehalghr4@si.edu,Male,26.41.46.61
978,Hermia,Chalk,hchalkr5@hatena.ne.jp,Female,192.170.74.83
979,Ameline,Friedlos,afriedlosr6@ibm.com,Female,45.246.128.178
980,Harv,Donativo,hdonativor7@weather.com,Male,216.214.201.20
981,Dorelia,McMillam,dmcmillamr8@51.la,Female,254.63.106.44
982,Stanislas,Franzetti,sfranzettir9@prweb.com,Male,112.5.57.214
983,Addie,Cantrill,acantrillra@nyu.edu,Male,130.8.28.167
984,Hilton,Pryer,hpryerrb@howstuffworks.com,Male,153.147.12.193
985,Rosabel,Beardow,rbeardowrc@dropbox.com,Female,114.8.72.13
986,Jean,Jirka,jjirkard@yahoo.com,Female,19.206.49.54
987,Doti,Conkay,dconkayre@java.com,Female,191.66.119.72
988,Opalina,Barradell,obarradellrf@hatena.ne.jp,Female,125.191.172.20
989,Meg,Gadsdon,mgadsdonrg@fastcompany.com,Female,70.221.252.9
990,Niel,Sherborne,nsherbornerh@mtv.com,Male,185.122.161.26
991,Pavia,Mitcheson,pmitchesonri@economist.com,Female,213.75.29.110
992,Jeff,Dibble,jdibblerj@nsw.gov.au,Bigender,26.82.117.74
993,Shelly,Goudie,sgoudierk@t-online.de,Female,188.78.123.26
994,Dolli,Humberstone,dhumberstonerl@businessweek.com,Female,93.250.72.51
995,Irma,Ounsworth,iounsworthrm@google.es,Female,254.178.142.5
996,Flin,Kohrs,fkohrsrn@wikia.com,Male,152.64.171.10
997,Briant,Warton,bwartonro@epa.gov,Male,185.0.173.253
998,Opal,Bembrigg,obembriggrp@cnn.com,Female,128.242.5.10
999,Kirstyn,Coomber,kcoomberrq@slideshare.net,Female,1.53.163.238
1000,Colin,Pessel,cpesselrr@imageshack.us,Agender,105.91.77.167
